{
  "_fv": 57,
  "_type": "projectile",
  "definition": {
    "projectileItem": {
      "value": "Items.BUCKET"
    },
    "showParticles": false,
    "actionSound": {
      "value": "item.bucket.empty"
    },
    "igniteFire": false,
    "power": 1.0,
    "damage": 1.0,
    "knockback": 2,
    "entityModel": "Default",
    "customModelTexture": "",
    "onHitsBlock": {
      "name": "EmpBuckProjectileHitsBlock"
    },
    "onHitsPlayer": {
      "name": "EmpBuckProjectileHitsBlock"
    },
    "onHitsEntity": {
      "name": "EmpBuckProjectileHitsBlock"
    },
    "onFlyingTick": {
      "name": "EmpBuckWhileProjectileFlyingTick"
    }
  }
}