{
  "_fv": 57,
  "_type": "item",
  "definition": {
    "renderType": 0,
    "texture": "hugebucket",
    "customModelName": "Normal",
    "customProperties": {
      "liquid": {
        "name": "HugeBucketPropertyValueProvider"
      }
    },
    "states": [
      {
        "renderType": 0,
        "texture": "lava_hugebucket",
        "customModelName": "Normal",
        "stateMap": [
          {
            "property": {
              "min": -1.7976931348623157E308,
              "max": 1.7976931348623157E308,
              "name": "CUSTOM:liquid",
              "type": "number"
            },
            "value": 2.0
          }
        ]
      },
      {
        "renderType": 0,
        "texture": "water_hugebucket",
        "customModelName": "Normal",
        "stateMap": [
          {
            "property": {
              "min": -1.7976931348623157E308,
              "max": 1.7976931348623157E308,
              "name": "CUSTOM:liquid",
              "type": "number"
            },
            "value": 1.0
          }
        ]
      }
    ],
    "name": "Huge Bucket",
    "rarity": "COMMON",
    "creativeTab": {
      "value": "CUSTOM:CreativeModTab"
    },
    "stackSize": 1,
    "enchantability": 0,
    "useDuration": 0,
    "toolType": 1.0,
    "damageCount": 0,
    "recipeRemainder": {
      "value": ""
    },
    "destroyAnyBlock": false,
    "immuneToFire": false,
    "stayInGridWhenCrafting": false,
    "damageOnCrafting": false,
    "enableMeleeDamage": false,
    "damageVsEntity": 0.0,
    "specialInformation": {
      "fixedValue": [],
      "name": "HugeBucketSpecialInformation"
    },
    "glowCondition": {
      "fixedValue": false
    },
    "guiBoundTo": "<NONE>",
    "inventorySize": 9,
    "inventoryStackSize": 64,
    "onRightClickedInAir": {
      "name": "HugeBucketRightclickedOnBlock"
    },
    "onRightClickedOnBlock": {
      "name": "HugeBucketRightclickedOnBlock"
    },
    "onCrafted": {
      "name": "HugeBucketItemIsCraftedsmelted"
    },
    "enableRanged": false,
    "shootConstantly": false,
    "projectile": {
      "value": "Arrow"
    },
    "isFood": false,
    "nutritionalValue": 4,
    "saturation": 0.3,
    "eatResultItem": {
      "value": ""
    },
    "isMeat": false,
    "isAlwaysEdible": false,
    "animation": "none"
  }
}