{
  "_fv": 57,
  "_type": "projectile",
  "definition": {
    "projectileItem": {
      "value": "Items.LAVA_BUCKET"
    },
    "showParticles": true,
    "actionSound": {
      "value": "item.bucket.fill_lava"
    },
    "igniteFire": true,
    "power": 1.0,
    "damage": 5.0,
    "knockback": 5,
    "entityModel": "Default",
    "customModelTexture": "",
    "onHitsBlock": {
      "name": "LavaBuckProjectileHitsBlock"
    },
    "onHitsPlayer": {
      "name": "LavaBuckProjectileHitsBlock"
    },
    "onHitsEntity": {
      "name": "LavaBuckProjectileHitsBlock"
    }
  }
}