{
  "type": "minecraft:crafting_shaped",
  "pattern": [
    "01",
    "23",
    "45"
  ],
  "key": {
    "0": {
      "item": "stitched_sins:ether_string"
    },
    "1": {
      "item": "stitched_sins:bone_needle"
    },
    "2": {
      "tag": "minecraft:planks"
    },
    "3": {
      "tag": "minecraft:planks"
    },
    "4": {
      "tag": "minecraft:planks"
    },
    "5": {
      "tag": "minecraft:planks"
    }
  },
  "result": {
    "item": "stitched_sins:sewing_table",
    "count": 1
  }
}