{
  "_fv": 43,
  "_type": "item",
  "definition": {
    "renderType": 0,
    "texture": "dragon_heart",
    "customModelName": "Normal",
    "name": "Dragon Heart",
    "rarity": "EPIC",
    "creativeTab": {
      "value": "CUSTOM:ModObjects"
    },
    "stackSize": 64,
    "enchantability": 0,
    "useDuration": 0,
    "toolType": 1.0,
    "damageCount": 0,
    "recipeRemainder": {
      "value": ""
    },
    "destroyAnyBlock": false,
    "immuneToFire": false,
    "stayInGridWhenCrafting": false,
    "damageOnCrafting": false,
    "enableMeleeDamage": false,
    "damageVsEntity": 0.0,
    "specialInfo": [
      "Sowwy",
      "this heart is too big to be displayed in one sprite ..."
    ],
    "hasGlow": false,
    "guiBoundTo": "<NONE>",
    "inventorySize": 9,
    "inventoryStackSize": 64,
    "onRightClickedInAir": {
      "name": "DragonHeartEvenementAuClicDroitDansLair"
    },
    "isFood": false,
    "nutritionalValue": 4,
    "saturation": 0.3,
    "eatResultItem": {
      "value": ""
    },
    "isMeat": false,
    "isAlwaysEdible": false,
    "animation": "none"
  }
}