{
  "_fv": 43,
  "_type": "gui",
  "definition": {
    "type": 1,
    "width": 176,
    "height": 166,
    "inventoryOffsetX": 0,
    "inventoryOffsetY": 0,
    "renderBgLayer": true,
    "doesPauseGame": false,
    "components": [
      {
        "type": "inputslot",
        "data": {
          "inputLimit": {
            "value": ""
          },
          "disablePlacement": {
            "fixedValue": false
          },
          "id": 0,
          "disablePickup": {
            "fixedValue": false
          },
          "dropItemsWhenNotBound": false,
          "x": 186,
          "y": 48
        }
      },
      {
        "type": "inputslot",
        "data": {
          "inputLimit": {
            "value": ""
          },
          "disablePlacement": {
            "fixedValue": false
          },
          "id": 1,
          "disablePickup": {
            "fixedValue": false
          },
          "dropItemsWhenNotBound": false,
          "x": 222,
          "y": 48
        }
      },
      {
        "type": "inputslot",
        "data": {
          "inputLimit": {
            "value": "CUSTOM:BoneNeedle"
          },
          "disablePlacement": {
            "fixedValue": false
          },
          "id": 2,
          "disablePickup": {
            "fixedValue": false
          },
          "dropItemsWhenNotBound": false,
          "x": 150,
          "y": 84
        }
      },
      {
        "type": "inputslot",
        "data": {
          "inputLimit": {
            "value": "CUSTOM:EtherString"
          },
          "disablePlacement": {
            "fixedValue": false
          },
          "id": 3,
          "disablePickup": {
            "fixedValue": false
          },
          "dropItemsWhenNotBound": false,
          "x": 258,
          "y": 84
        }
      },
      {
        "type": "outputslot",
        "data": {
          "id": 4,
          "disablePickup": {
            "fixedValue": false
          },
          "dropItemsWhenNotBound": false,
          "x": 204,
          "y": 102
        }
      },
      {
        "type": "image",
        "data": {
          "image": "needle_shadow.png",
          "use1Xscale": false,
          "x": 151,
          "y": 85
        }
      },
      {
        "type": "image",
        "data": {
          "image": "string_shadow.png",
          "use1Xscale": false,
          "x": 259,
          "y": 85
        }
      },
      {
        "type": "image",
        "data": {
          "image": "string.png",
          "use1Xscale": false,
          "x": 195,
          "y": 38
        }
      },
      {
        "type": "image",
        "data": {
          "image": "string.png",
          "use1Xscale": false,
          "x": 195,
          "y": 70
        }
      }
    ],
    "gridSettings": {
      "sx": 18,
      "sy": 18,
      "ox": 11,
      "oy": 23,
      "snapOnGrid": false
    }
  }
}