{
  "_fv": 43,
  "_type": "recipe",
  "definition": {
    "recipeType": "Crafting",
    "recipeRetstackSize": 1,
    "group": "",
    "cookingBookCategory": "MISC",
    "xpReward": 0.0,
    "cookingTime": 200,
    "craftingBookCategory": "MISC",
    "recipeShapeless": false,
    "recipeSlots": [
      {
        "value": "CUSTOM:EtherString"
      },
      {
        "value": "CUSTOM:BoneNeedle"
      },
      {
        "value": ""
      },
      {
        "value": "TAG:minecraft:planks"
      },
      {
        "value": "TAG:minecraft:planks"
      },
      {
        "value": ""
      },
      {
        "value": "TAG:minecraft:planks"
      },
      {
        "value": "TAG:minecraft:planks"
      },
      {
        "value": ""
      }
    ],
    "recipeReturnStack": {
      "value": "CUSTOM:SewingTable"
    },
    "name": "sewing_table_recipe",
    "namespace": "mod"
  }
}