{
  "_fv": 43,
  "_type": "item",
  "definition": {
    "renderType": 0,
    "texture": "wolf_ribs",
    "customModelName": "Normal",
    "name": "Wolf Ribs",
    "rarity": "COMMON",
    "creativeTab": {
      "value": "CUSTOM:ModObjects"
    },
    "stackSize": 64,
    "enchantability": 0,
    "useDuration": 32,
    "toolType": 1.0,
    "damageCount": 0,
    "recipeRemainder": {
      "value": ""
    },
    "destroyAnyBlock": false,
    "immuneToFire": false,
    "stayInGridWhenCrafting": false,
    "damageOnCrafting": false,
    "enableMeleeDamage": false,
    "damageVsEntity": 0.0,
    "specialInfo": [
      "Angry wolves are enraged.Make your pet always enraged if you reallly like him!(Also don't forget that wolves eat sheeps)"
    ],
    "hasGlow": false,
    "guiBoundTo": "<NONE>",
    "inventorySize": 9,
    "inventoryStackSize": 64,
    "onRightClickedInAir": {
      "name": "WolfRibsRoghtClick"
    },
    "isFood": true,
    "nutritionalValue": 4,
    "saturation": 0.0,
    "eatResultItem": {
      "value": ""
    },
    "isMeat": false,
    "isAlwaysEdible": false,
    "animation": "eat"
  }
}