{"stats":{"minecraft:custom":{"minecraft:time_since_rest":104075,"minecraft:sprint_one_cm":42708,"minecraft:walk_one_cm":57986,"minecraft:drop":8,"minecraft:damage_dealt":20,"minecraft:interact_with_beacon":5,"minecraft:interact_with_crafting_table":1,"minecraft:swim_one_cm":4887,"minecraft:fly_one_cm":1338481,"minecraft:crouch_one_cm":2240,"minecraft:play_time":104075,"minecraft:sneak_time":4156,"minecraft:walk_under_water_one_cm":18046,"minecraft:jump":366,"minecraft:leave_game":52,"minecraft:time_since_death":102745,"minecraft:walk_on_water_one_cm":42621,"minecraft:total_world_time":145031},"minecraft:used":{"minecraft:redstone_torch":67,"minecraft:oak_log":1,"minecraft:glass":78,"minecraft:piston":5,"minecraft:lever":1,"minecraft:water_bucket":19,"minecraft:lava_bucket":152,"minecraft:warped_trapdoor":12,"minecraft:command_block":6,"minecraft:flint_and_steel":1,"minecraft:birch_planks":6,"minecraft:stripped_birch_log":7,"minecraft:grass_block":121,"just_enought_gadgets:water_gigantic_bucket":2,"minecraft:zombie_villager_spawn_egg":1,"just_enought_gadgets:disco_cube":72,"minecraft:birch_wood":1,"minecraft:jungle_log":1,"minecraft:stone":9,"minecraft:cherry_button":4,"minecraft:beacon":25,"minecraft:stripped_birch_wood":2,"just_enought_gadgets:gigantic_bucket":1,"just_enought_gadgets:lava_gigantic_bucket":5,"minecraft:bedrock":2,"minecraft:jungle_wood":1,"minecraft:diamond_block":28,"just_enought_gadgets:huge_bucket":270,"minecraft:ancient_debris":29,"minecraft:crafting_table":1,"minecraft:stripped_oak_wood":19,"minecraft:bucket":42,"minecraft:oak_wood":1,"minecraft:stripped_oak_log":1,"just_enought_gadgets:lava_huge_bucket":65,"just_enought_gadgets:water_huge_bucket_item":133},"minecraft:crafted":{"just_enought_gadgets:huge_bucket":1},"minecraft:picked_up":{"minecraft:wheat_seeds":10,"minecraft:redstone_torch":18,"minecraft:cherry_button":1},"minecraft:dropped":{"just_enought_gadgets:huge_bucket":2,"just_enought_gadgets:water_huge_bucket_item":6}},"DataVersion":3465}